,consumer_surplus,producer_surplus
0,439309.30705620005,2153.1668205273636
1,110049.10013482513,1155.265077603286
2,110235.78384779186,993.544566517013
3,110235.09243475544,1001.018170123894
4,110235.09243475544,1001.4759075788206
5,110235.09243475544,1001.4755298749509
