,curtailement-average,unmet_demand-average,curtailement-total,unmet_demand-total
0,679.4921457318807,254.68062203173614,16307.811497565137,6112.3349287616675
1,534.2921457318806,135.88062203173627,12823.011497565136,3261.1349287616704
2,468.2921457318807,78.68062203173606,11239.011497565136,1888.3349287616657
3,403.80881239854733,29.122288698402674,9691.411497565136,698.9349287616642
4,403.2546457318806,22.613955365069387,9678.111497565134,542.7349287616653
