,consumer_surplus,producer_surplus
0,805890.8953730452,3307.5701903362765
1,556978.1995921254,2167.03086711629
2,557256.4276745644,1899.4212625605298
3,557776.6373283266,1387.7624903964092
4,557776.6373283266,1389.09291127392
5,557541.5964345573,1622.4328198315288
